file,line,end_line,loc,kind,name,bucket,status,blockers,signals,risk_score,risk,action,phase,priority,rust_blocks
src/masstree/checkpoint.hh,26,45,20,struct,ckstate,needs-transpiler,unmigrated,"template, raw-pointer","raw-pointer, static-state, template",42,high,probe-current-transpiler,probe,0,0
src/masstree/circular_int.hh,26,175,150,class,circular_int,needs-transpiler,unmigrated,"raw-pointer, threading, template","constructor-overloads, large-body, raw-pointer, static-state, template, threading",80,high,probe-current-transpiler,probe,0,0
src/masstree/circular_int.hh,177,177,1,typedef,kvepoch_t,trivial,unmigrated,none,none,0,low,migrate-now,quick-wins,100,0
src/masstree/clp.h,45,45,1,typedef,Clp_Option,trivial,unmigrated,none,none,0,low,migrate-now,quick-wins,100,0
src/masstree/clp.h,46,46,1,typedef,Clp_Parser,trivial,unmigrated,none,none,0,low,migrate-now,quick-wins,100,0
src/masstree/clp.h,47,47,1,typedef,Clp_ParserState,trivial,unmigrated,none,none,0,low,migrate-now,quick-wins,100,0
src/masstree/clp.h,55,65,11,struct,Clp_Option,refactor-then-DSL,unmigrated,raw-pointer,raw-pointer,12,low,reshape-first,reshape,48,0
src/masstree/clp.h,192,224,33,struct,Clp_Parser,boundary-review,unmigrated,"void*, raw-pointer","raw-pointer, void*",47,high,isolate-or-probe-unsafe-boundary,floor-review,0,0
src/masstree/compiler.hh,131,140,10,struct,do_nothing,needs-transpiler,unmigrated,"template, operator-overload","operator-overload, template",35,medium,probe-current-transpiler,probe,0,0
src/masstree/compiler.hh,143,147,5,struct,fence_function,needs-transpiler,unmigrated,operator-overload,operator-overload,15,low,probe-current-transpiler,probe,15,0
src/masstree/compiler.hh,150,154,5,struct,relax_fence_function,needs-transpiler,unmigrated,operator-overload,operator-overload,15,low,probe-current-transpiler,probe,15,0
src/masstree/compiler.hh,157,168,12,struct,backoff_fence_function,needs-transpiler,unmigrated,operator-overload,operator-overload,15,low,probe-current-transpiler,probe,15,0
src/masstree/compiler.hh,174,174,1,typedef,type,needs-transpiler,unmigrated,template,template,20,medium,probe-current-transpiler,probe,10,0
src/masstree/compiler.hh,439,439,1,typedef,sco_t,trivial,unmigrated,none,none,0,low,migrate-now,quick-wins,100,0
src/masstree/compiler.hh,606,606,1,typedef,cacheline_t,trivial,unmigrated,none,none,0,low,migrate-now,quick-wins,100,0
src/masstree/compiler.hh,630,633,4,struct,value_prefetcher,needs-transpiler,unmigrated,"operator-overload, template","operator-overload, template",35,medium,probe-current-transpiler,probe,0,0
src/masstree/compiler.hh,1054,1054,1,using,integral_constant,needs-transpiler,unmigrated,template,template,20,medium,probe-current-transpiler,probe,10,0
src/masstree/compiler.hh,1055,1055,1,typedef,true_type,trivial,unmigrated,none,none,0,low,migrate-now,quick-wins,100,0
src/masstree/compiler.hh,1056,1056,1,typedef,false_type,trivial,unmigrated,none,none,0,low,migrate-now,quick-wins,100,0
src/masstree/compiler.hh,1059,1063,5,struct,integral_constant,needs-transpiler,unmigrated,template,"static-state, template",30,medium,probe-current-transpiler,probe,0,0
src/masstree/compiler.hh,1071,1071,1,using,conditional,needs-transpiler,unmigrated,template,template,20,medium,probe-current-transpiler,probe,10,0
src/masstree/compiler.hh,1205,1205,1,typedef,enable_rvalue_reference,trivial,unmigrated,none,none,0,low,migrate-now,quick-wins,100,0
src/masstree/compiler.hh,1219,1221,3,struct,has_fast_int_multiply,needs-transpiler,unmigrated,template,"inheritance, template",35,medium,probe-current-transpiler,probe,0,0
src/masstree/compiler.hh,1271,1271,1,struct,uninitialized_type,trivial,unmigrated,none,none,0,low,migrate-now,quick-wins,100,0
src/masstree/hashcode.hh,39,39,1,typedef,hashcode_t,trivial,unmigrated,none,none,0,low,migrate-now,quick-wins,100,0
src/masstree/json.hh,48,425,378,class,Json,boundary-review,unmigrated,"void*, template, operator-overload, raw-pointer","constructor-overloads, large-body, nested-type, operator-overload, raw-pointer, static-state, template, void*",100,high,isolate-or-probe-unsafe-boundary,floor-review,0,0
src/masstree/json.hh,428,438,11,struct,Json,refactor-then-DSL,unmigrated,raw-pointer,"inheritance, raw-pointer, static-state",37,medium,reshape-first,reshape,23,0
src/masstree/json.hh,530,530,1,typedef,value_type,trivial,unmigrated,none,none,0,low,migrate-now,quick-wins,100,0
src/masstree/json.hh,531,531,1,typedef,pointer_type,boundary-review,unmigrated,raw-pointer,raw-pointer,12,low,review-manually,floor-review,0,0
src/masstree/json.hh,532,532,1,typedef,reference_type,trivial,unmigrated,none,none,0,low,migrate-now,quick-wins,100,0
src/masstree/json.hh,533,533,1,typedef,iterator_category,trivial,unmigrated,none,none,0,low,migrate-now,quick-wins,100,0
src/masstree/json.hh,537,537,1,typedef,const,boundary-review,unmigrated,raw-pointer,raw-pointer,12,low,review-manually,floor-review,0,0
src/masstree/json.hh,617,617,1,typedef,difference_type,trivial,unmigrated,none,none,0,low,migrate-now,quick-wins,100,0
src/masstree/json.hh,619,619,1,typedef,pointer,boundary-review,unmigrated,raw-pointer,raw-pointer,12,low,review-manually,floor-review,0,0
src/masstree/json.hh,620,620,1,typedef,reference,trivial,unmigrated,none,none,0,low,migrate-now,quick-wins,100,0
src/masstree/json.hh,879,1332,454,class,Json_proxy_base,needs-transpiler,unmigrated,"template, operator-overload, raw-pointer","large-body, operator-overload, raw-pointer, template",57,high,probe-current-transpiler,probe,0,0
src/masstree/json.hh,1335,1362,28,class,Json_object_proxy,needs-transpiler,unmigrated,template,"inheritance, template",35,medium,probe-current-transpiler,probe,0,0
src/masstree/json.hh,1365,1392,28,class,Json_object_str_proxy,needs-transpiler,unmigrated,template,"inheritance, template",35,medium,probe-current-transpiler,probe,0,0
src/masstree/json.hh,1395,1422,28,class,Json_array_proxy,needs-transpiler,unmigrated,template,"inheritance, template",35,medium,probe-current-transpiler,probe,0,0
src/masstree/json.hh,1424,1449,26,class,Json_get_proxy,refactor-then-DSL,unmigrated,raw-pointer,"inheritance, raw-pointer",27,medium,reshape-first,reshape,33,0
src/masstree/json.hh,1600,1606,7,struct,Json_iterator_initializer,needs-transpiler,unmigrated,template,"static-state, template",30,medium,probe-current-transpiler,probe,0,0
src/masstree/kpermuter.hh,24,48,25,class,identity_kpermuter,needs-transpiler,unmigrated,operator-overload,operator-overload,15,low,probe-current-transpiler,probe,15,0
src/masstree/kpermuter.hh,52,52,1,typedef,storage_type,needs-transpiler,unmigrated,template,template,20,medium,probe-current-transpiler,probe,10,0
src/masstree/kpermuter.hh,53,53,1,typedef,value_type,trivial,unmigrated,none,none,0,low,migrate-now,quick-wins,100,0
src/masstree/kpermuter.hh,70,70,1,typedef,info,trivial,unmigrated,none,none,0,low,migrate-now,quick-wins,100,0
src/masstree/kpermuter.hh,343,343,1,typedef,type,needs-transpiler,unmigrated,template,template,20,medium,probe-current-transpiler,probe,10,0
src/masstree/ksearch.hh,25,30,6,struct,key_comparator,needs-transpiler,unmigrated,"operator-overload, template","operator-overload, template",35,medium,probe-current-transpiler,probe,0,0
src/masstree/ksearch.hh,32,42,11,struct,key_indexed_position,refactor-then-DSL,unmigrated,none,constructor-overloads,10,low,reshape-first,reshape,50,0
src/masstree/ksearch.hh,137,154,18,struct,key_bound_binary,needs-transpiler,unmigrated,template,"static-state, template",30,medium,probe-current-transpiler,probe,0,0
src/masstree/ksearch.hh,156,173,18,struct,key_bound_linear,needs-transpiler,unmigrated,template,"static-state, template",30,medium,probe-current-transpiler,probe,0,0
src/masstree/ksearch.hh,183,183,1,typedef,type,needs-transpiler,unmigrated,template,template,20,medium,probe-current-transpiler,probe,10,0
src/masstree/kvio.hh,28,40,13,struct,kvout,refactor-then-DSL,unmigrated,raw-pointer,raw-pointer,12,low,reshape-first,reshape,48,0
src/masstree/kvproto.hh,36,44,9,enum,result_t,trivial,unmigrated,none,none,0,low,migrate-now,quick-wins,100,0
src/masstree/kvproto.hh,46,49,4,enum,ckptrav_order_t,trivial,unmigrated,none,none,0,low,migrate-now,quick-wins,100,0
src/masstree/kvproto.hh,51,54,4,struct,row_marker,trivial,unmigrated,none,none,0,low,migrate-now,quick-wins,100,0
src/masstree/kvrandom.hh,26,45,20,class,kvrandom_lcg_nr_simple,refactor-then-DSL,unmigrated,raw-pointer,"constructor-overloads, raw-pointer",22,medium,reshape-first,reshape,38,0
src/masstree/kvrandom.hh,50,58,9,class,kvrandom_lcg_nr,refactor-then-DSL,unmigrated,none,inheritance,15,low,reshape-first,reshape,45,0
src/masstree/kvrandom.hh,61,91,31,class,kvrandom_psdes_nr,needs-transpiler,unmigrated,operator-overload,"constructor-overloads, operator-overload, static-state",35,medium,probe-current-transpiler,probe,0,0
src/masstree/kvrandom.hh,94,103,10,class,kvrandom_random,trivial,unmigrated,none,none,0,low,migrate-now,quick-wins,100,0
src/masstree/kvrow.hh,31,31,1,typedef,row_type,trivial,unmigrated,none,none,0,low,migrate-now,quick-wins,100,0
src/masstree/kvrow.hh,44,49,6,struct,query_helper,needs-transpiler,unmigrated,template,template,20,medium,probe-current-transpiler,probe,10,0
src/masstree/kvrow.hh,54,98,45,class,query,needs-transpiler,unmigrated,"template, raw-pointer","raw-pointer, template",32,medium,probe-current-transpiler,probe,0,0
src/masstree/kvrow.hh,282,318,37,class,query_json_scanner,boundary-review,unmigrated,"template, I/O-or-FFI","I/O-or-FFI, template",40,medium,isolate-or-probe-unsafe-boundary,floor-review,0,0
src/masstree/kvstats.hh,24,56,33,struct,kvstats,refactor-then-DSL,unmigrated,raw-pointer,raw-pointer,12,low,reshape-first,reshape,48,0
src/masstree/kvthread.hh,37,37,1,typedef,mrcu_epoch_type,trivial,unmigrated,none,none,0,low,migrate-now,quick-wins,100,0
src/masstree/kvthread.hh,38,38,1,typedef,mrcu_signed_epoch_type,trivial,unmigrated,none,none,0,low,migrate-now,quick-wins,100,0
src/masstree/kvthread.hh,45,49,5,struct,limbo_element,boundary-review,unmigrated,"void*, raw-pointer","raw-pointer, void*",47,high,isolate-or-probe-unsafe-boundary,floor-review,0,0
src/masstree/kvthread.hh,51,67,17,struct,limbo_group,boundary-review,unmigrated,"void*, raw-pointer","raw-pointer, void*",47,high,isolate-or-probe-unsafe-boundary,floor-review,0,0
src/masstree/kvthread.hh,80,84,5,struct,mrcu_callback,needs-transpiler,unmigrated,operator-overload,"operator-overload, virtual-dispatch",35,medium,probe-current-transpiler,probe,0,0
src/masstree/kvthread.hh,86,397,312,class,threadinfo,boundary-review,unmigrated,"void*, template, operator-overload, raw-pointer, threading","constructor-overloads, large-body, mutable-state, nested-type, operator-overload, raw-pointer, static-state, template, threading, void*",100,high,isolate-or-probe-unsafe-boundary,floor-review,0,0
src/masstree/masstree.hh,41,41,1,typedef,ikey_type,trivial,unmigrated,none,none,0,low,migrate-now,quick-wins,100,0
src/masstree/masstree.hh,42,42,1,typedef,nodeversion_value_type,trivial,unmigrated,none,none,0,low,migrate-now,quick-wins,100,0
src/masstree/masstree.hh,44,44,1,typedef,phantom_epoch_type,trivial,unmigrated,none,none,0,low,migrate-now,quick-wins,100,0
src/masstree/masstree.hh,61,127,67,class,basic_table,needs-transpiler,unmigrated,"template, raw-pointer","constructor-overloads, raw-pointer, template",42,high,probe-current-transpiler,probe,0,0
src/masstree/masstree_context.h,22,22,1,typedef,mrcu_epoch_type,trivial,unmigrated,none,none,0,low,migrate-now,quick-wins,100,0
src/masstree/masstree_context.h,53,113,61,class,MasstreeContext,boundary-review,unmigrated,"threading, I/O-or-FFI","I/O-or-FFI, constructor-overloads, mutable-state, static-state, threading",68,high,isolate-or-probe-unsafe-boundary,floor-review,0,0
src/masstree/masstree_key.hh,40,268,229,class,key,boundary-review,unmigrated,"raw-pointer, I/O-or-FFI, template","I/O-or-FFI, constructor-overloads, large-body, mutable-state, raw-pointer, static-state, template",92,high,isolate-or-probe-unsafe-boundary,floor-review,0,0
src/masstree/masstree_print.hh,28,35,8,class,value_print,needs-transpiler,unmigrated,"raw-pointer, template","raw-pointer, static-state, template",42,high,probe-current-transpiler,probe,0,0
src/masstree/masstree_remove.hh,109,123,15,struct,gc_layer_rcu_callback,boundary-review,unmigrated,"operator-overload, raw-pointer, I/O-or-FFI, template","I/O-or-FFI, inheritance, operator-overload, raw-pointer, static-state, template",92,high,isolate-or-probe-unsafe-boundary,floor-review,0,0
src/masstree/masstree_remove.hh,295,309,15,struct,destroy_rcu_callback,needs-transpiler,unmigrated,"operator-overload, raw-pointer","inheritance, operator-overload, raw-pointer, static-state",52,high,probe-current-transpiler,probe,0,0
src/masstree/masstree_scan.hh,28,92,65,class,scanstackelt,needs-transpiler,unmigrated,"template, operator-overload","operator-overload, template",35,medium,probe-current-transpiler,probe,0,0
src/masstree/masstree_scan.hh,94,126,33,struct,forward_scan_helper,needs-transpiler,unmigrated,"template, raw-pointer","raw-pointer, template",32,medium,probe-current-transpiler,probe,0,0
src/masstree/masstree_scan.hh,128,191,64,struct,reverse_scan_helper,needs-transpiler,unmigrated,"template, raw-pointer","mutable-state, raw-pointer, template",42,high,probe-current-transpiler,probe,0,0
src/masstree/masstree_scan.hh,328,328,1,typedef,ikey_type,trivial,unmigrated,none,none,0,low,migrate-now,quick-wins,100,0
src/masstree/masstree_scan.hh,329,329,1,typedef,key_type,trivial,unmigrated,none,none,0,low,migrate-now,quick-wins,100,0
src/masstree/masstree_scan.hh,330,330,1,typedef,leafvalue_type,trivial,unmigrated,none,none,0,low,migrate-now,quick-wins,100,0
src/masstree/masstree_scan.hh,339,339,1,typedef,mystack_type,trivial,unmigrated,none,none,0,low,migrate-now,quick-wins,100,0
src/masstree/masstree_struct.hh,30,35,6,struct,make_nodeversion,needs-transpiler,unmigrated,template,template,20,medium,probe-current-transpiler,probe,10,0
src/masstree/masstree_struct.hh,38,42,5,struct,make_prefetcher,needs-transpiler,unmigrated,template,template,20,medium,probe-current-transpiler,probe,10,0
src/masstree/masstree_struct.hh,45,111,67,class,node_base,needs-transpiler,unmigrated,"raw-pointer, template","inheritance, raw-pointer, static-state, template",57,high,probe-current-transpiler,probe,0,0
src/masstree/masstree_struct.hh,114,219,106,class,internode,boundary-review,unmigrated,"void*, template, raw-pointer, I/O-or-FFI","I/O-or-FFI, inheritance, raw-pointer, static-state, template, void*",100,high,isolate-or-probe-unsafe-boundary,floor-review,0,0
src/masstree/masstree_struct.hh,223,283,61,class,leafvalue,refactor-then-DSL,unmigrated,raw-pointer,"constructor-overloads, mutable-state, raw-pointer, static-state",42,high,reshape-first,reshape,18,0
src/masstree/masstree_struct.hh,286,615,330,class,leaf,boundary-review,unmigrated,"void*, template, operator-overload, raw-pointer","inheritance, large-body, operator-overload, raw-pointer, static-state, template, void*",100,high,isolate-or-probe-unsafe-boundary,floor-review,0,0
src/masstree/masstree_tcursor.hh,30,98,69,class,unlocked_tcursor,needs-transpiler,unmigrated,"raw-pointer, template","constructor-overloads, raw-pointer, template",42,high,probe-current-transpiler,probe,0,0
src/masstree/masstree_tcursor.hh,101,218,118,class,tcursor,needs-transpiler,unmigrated,"raw-pointer, template","constructor-overloads, raw-pointer, static-state, template",52,high,probe-current-transpiler,probe,0,0
src/masstree/memdebug.hh,25,67,43,struct,memdebug,boundary-review,unmigrated,"void*, raw-pointer","raw-pointer, static-state, void*",57,high,isolate-or-probe-unsafe-boundary,floor-review,0,0
src/masstree/misc.hh,56,86,31,struct,quick_istr,refactor-then-DSL,unmigrated,raw-pointer,"constructor-overloads, raw-pointer",22,medium,reshape-first,reshape,38,0
src/masstree/msgpack.hh,212,217,6,struct,array_t,trivial,unmigrated,none,none,0,low,migrate-now,quick-wins,100,0
src/masstree/msgpack.hh,223,228,6,struct,object_t,trivial,unmigrated,none,none,0,low,migrate-now,quick-wins,100,0
src/masstree/msgpack.hh,236,344,109,class,unparser,boundary-review,unmigrated,"template, operator-overload, raw-pointer, I/O-or-FFI","I/O-or-FFI, constructor-overloads, operator-overload, raw-pointer, template",77,high,isolate-or-probe-unsafe-boundary,floor-review,0,0
src/masstree/msgpack.hh,347,381,35,class,streaming_parser,refactor-then-DSL,unmigrated,raw-pointer,"nested-type, raw-pointer",20,medium,reshape-first,reshape,40,0
src/masstree/msgpack.hh,384,514,131,class,parser,needs-transpiler,unmigrated,"template, operator-overload, raw-pointer","constructor-overloads, large-body, operator-overload, raw-pointer, template",67,high,probe-current-transpiler,probe,0,0
src/masstree/mtclient.cc,68,80,13,struct,async,trivial,unmigrated,none,none,0,low,migrate-now,quick-wins,100,0
src/masstree/mtclient.cc,84,97,14,struct,child,refactor-then-DSL,unmigrated,raw-pointer,raw-pointer,12,low,reshape-first,reshape,48,0
src/masstree/mtclient.cc,167,386,220,struct,kvtest_client,boundary-review,unmigrated,"va_list, raw-pointer","large-body, raw-pointer, va_list",62,high,isolate-or-probe-unsafe-boundary,floor-review,0,0
src/masstree/mtclient.cc,771,771,1,struct,timeval,trivial,unmigrated,none,none,0,low,migrate-now,quick-wins,100,0
src/masstree/mtclient.hh,39,229,191,class,KVConn,boundary-review,unmigrated,"raw-pointer, I/O-or-FFI","I/O-or-FFI, constructor-overloads, large-body, raw-pointer",52,high,isolate-or-probe-unsafe-boundary,floor-review,0,0
src/masstree/mtcounters.hh,23,36,14,enum,memtag,boundary-review,unmigrated,raw-pointer,raw-pointer,12,low,review-manually,floor-review,0,0
src/masstree/mtcounters.hh,38,62,25,enum,threadcounter,trivial,unmigrated,none,none,0,low,migrate-now,quick-wins,100,0
src/masstree/mtd.cc,191,303,113,struct,kvtest_client,refactor-then-DSL,unmigrated,raw-pointer,"constructor-overloads, raw-pointer, static-state",32,medium,reshape-first,reshape,28,0
src/masstree/mtd.cc,513,571,59,struct,conn,boundary-review,unmigrated,"raw-pointer, I/O-or-FFI","I/O-or-FFI, constructor-overloads, raw-pointer",42,high,isolate-or-probe-unsafe-boundary,floor-review,0,0
src/masstree/mtd.cc,591,591,1,struct,timeval,trivial,unmigrated,none,none,0,low,migrate-now,quick-wins,100,0
src/masstree/mtd.cc,602,605,4,struct,conninfo,trivial,unmigrated,none,none,0,low,migrate-now,quick-wins,100,0
src/masstree/mtd.cc,1056,1094,39,struct,tcpfds,boundary-review,unmigrated,"void*, raw-pointer","raw-pointer, void*",47,high,isolate-or-probe-unsafe-boundary,floor-review,0,0
src/masstree/mtd.cc,1096,1140,45,class,tcpfds,refactor-then-DSL,unmigrated,raw-pointer,raw-pointer,12,low,reshape-first,reshape,48,0
src/masstree/mttest.cc,148,151,4,struct,mttest_numainfo,trivial,unmigrated,none,none,0,low,migrate-now,quick-wins,100,0
src/masstree/mttest.cc,173,360,188,struct,kvtest_client,needs-transpiler,unmigrated,"raw-pointer, threading, template","constructor-overloads, large-body, raw-pointer, static-state, template, threading",80,high,probe-current-transpiler,probe,0,0
src/masstree/mttest.cc,603,694,92,struct,test_thread,boundary-review,unmigrated,"void*, raw-pointer, template","constructor-overloads, raw-pointer, static-state, template, void*",87,high,isolate-or-probe-unsafe-boundary,floor-review,0,0
src/masstree/mttest.cc,698,698,1,typedef,masstree_test_thread,needs-transpiler,unmigrated,template,template,20,medium,probe-current-transpiler,probe,10,0
src/masstree/mttest.cc,1150,1169,20,struct,gnuplot_info,refactor-then-DSL,unmigrated,raw-pointer,"raw-pointer, static-state",22,medium,reshape-first,reshape,38,0
src/masstree/nodeversion.hh,25,214,190,class,nodeversion,needs-transpiler,unmigrated,"template, raw-pointer","constructor-overloads, large-body, raw-pointer, template",52,high,probe-current-transpiler,probe,0,0
src/masstree/nodeversion.hh,218,354,137,class,singlethreaded_nodeversion,needs-transpiler,unmigrated,"template, raw-pointer","constructor-overloads, large-body, raw-pointer, template",52,high,probe-current-transpiler,probe,0,0
src/masstree/nodeversion.hh,377,377,1,typedef,value_type,trivial,unmigrated,none,none,0,low,migrate-now,quick-wins,100,0
src/masstree/nodeversion.hh,401,401,1,typedef,nodeversion32,trivial,unmigrated,none,none,0,low,migrate-now,quick-wins,100,0
src/masstree/perfstat.hh,28,41,14,struct,stat,refactor-then-DSL,unmigrated,none,static-state,10,low,reshape-first,reshape,50,0
src/masstree/query_masstree.cc,231,231,1,typedef,internode_type,trivial,unmigrated,none,none,0,low,migrate-now,quick-wins,100,0
src/masstree/query_masstree.cc,232,232,1,typedef,leaf_type,trivial,unmigrated,none,none,0,low,migrate-now,quick-wins,100,0
src/masstree/query_masstree.cc,296,335,40,struct,scan_tester,boundary-review,unmigrated,"template, raw-pointer, I/O-or-FFI","I/O-or-FFI, raw-pointer, template",52,high,isolate-or-probe-unsafe-boundary,floor-review,0,0
src/masstree/query_masstree.hh,30,77,48,class,query_table,needs-transpiler,unmigrated,"raw-pointer, template","raw-pointer, static-state, template",42,high,probe-current-transpiler,probe,0,0
src/masstree/query_masstree.hh,79,83,5,struct,default_query_table_params,refactor-then-DSL,unmigrated,raw-pointer,"inheritance, raw-pointer",27,medium,reshape-first,reshape,33,0
src/masstree/query_masstree.hh,85,85,1,typedef,default_table,trivial,unmigrated,none,none,0,low,migrate-now,quick-wins,100,0
src/masstree/small_vector.hh,13,83,71,class,small_vector,needs-transpiler,unmigrated,"template, operator-overload, raw-pointer","constructor-overloads, nested-type, operator-overload, raw-pointer, static-state, template",75,high,probe-current-transpiler,probe,0,0
src/masstree/str.hh,28,150,123,struct,Str,boundary-review,unmigrated,"va_list, template, raw-pointer","constructor-overloads, inheritance, large-body, raw-pointer, static-state, template, va_list",100,high,isolate-or-probe-unsafe-boundary,floor-review,0,0
src/masstree/str.hh,152,169,18,struct,inline_string,refactor-then-DSL,unmigrated,raw-pointer,"inheritance, raw-pointer, static-state",37,medium,reshape-first,reshape,23,0
src/masstree/straccum.hh,37,166,130,class,StringAccum,boundary-review,unmigrated,"va_list, template, operator-overload, raw-pointer","constructor-overloads, large-body, nested-type, operator-overload, raw-pointer, static-state, template, va_list",100,high,isolate-or-probe-unsafe-boundary,floor-review,0,0
src/masstree/string.hh,28,352,325,class,String,needs-transpiler,unmigrated,"template, raw-pointer","constructor-overloads, inheritance, large-body, mutable-state, nested-type, raw-pointer, static-state, template",95,high,probe-current-transpiler,probe,0,0
src/masstree/string_base.hh,33,83,51,class,String_generic,needs-transpiler,unmigrated,"template, raw-pointer","raw-pointer, static-state, template",42,high,probe-current-transpiler,probe,0,0
src/masstree/string_base.hh,86,418,333,class,String_base,needs-transpiler,unmigrated,"template, operator-overload, raw-pointer","large-body, nested-type, operator-overload, raw-pointer, static-state, template",75,high,probe-current-transpiler,probe,0,0
src/masstree/string_slice.hh,31,37,7,union,union_type,trivial,unmigrated,none,none,0,low,migrate-now,quick-wins,100,0
src/masstree/string_slice.hh,40,40,1,typedef,type,trivial,unmigrated,none,none,0,low,migrate-now,quick-wins,100,0
src/masstree/stringbag.hh,46,168,123,class,stringbag,boundary-review,unmigrated,"operator-overload, raw-pointer, I/O-or-FFI, template","I/O-or-FFI, large-body, nested-type, operator-overload, raw-pointer, static-state, template",95,high,isolate-or-probe-unsafe-boundary,floor-review,0,0
src/masstree/test_atomics.cc,58,67,10,struct,fake_threadinfo,boundary-review,unmigrated,"void*, raw-pointer","raw-pointer, static-state, void*",57,high,isolate-or-probe-unsafe-boundary,floor-review,0,0
src/masstree/test_atomics.cc,70,77,8,union,myunion,trivial,unmigrated,none,none,0,low,migrate-now,quick-wins,100,0
src/masstree/test_atomics.cc,152,152,1,typedef,kpermuter_type,trivial,unmigrated,none,none,0,low,migrate-now,quick-wins,100,0
src/masstree/test_atomics.cc,204,204,1,typedef,ss_type,trivial,unmigrated,none,none,0,low,migrate-now,quick-wins,100,0
src/masstree/test_atomics.cc,222,222,1,typedef,bag_t,trivial,unmigrated,none,none,0,low,migrate-now,quick-wins,100,0
src/masstree/test_atomics.cc,438,438,1,typedef,vstr_t,trivial,unmigrated,none,none,0,low,migrate-now,quick-wins,100,0
src/masstree/test_string.cc,35,35,1,struct,UTF8,trivial,unmigrated,none,none,0,low,migrate-now,quick-wins,100,0
src/masstree/test_string.cc,36,36,1,struct,UTF8NoNul,trivial,unmigrated,none,none,0,low,migrate-now,quick-wins,100,0
src/masstree/test_string.cc,37,37,1,struct,Windows1252,trivial,unmigrated,none,none,0,low,migrate-now,quick-wins,100,0
src/masstree/test_string.cc,43,47,5,struct,Converter,needs-transpiler,unmigrated,"raw-pointer, template","raw-pointer, static-state, template",42,high,probe-current-transpiler,probe,0,0
src/masstree/testrunner.hh,10,38,29,class,testrunner_base,refactor-then-DSL,unmigrated,raw-pointer,"constructor-overloads, raw-pointer, static-state, virtual-dispatch",52,high,reshape-first,reshape,8,0
src/masstree/testrunner.hh,42,54,13,class,testrunner,refactor-then-DSL,unmigrated,raw-pointer,"inheritance, raw-pointer, static-state, virtual-dispatch",57,high,reshape-first,reshape,3,0
src/masstree/testrunner.hh,58,62,5,class,testrunner_,refactor-then-DSL,unmigrated,none,static-state,10,low,reshape-first,reshape,50,0
src/masstree/timestamp.hh,37,37,1,typedef,kvtimestamp_t,trivial,unmigrated,none,none,0,low,migrate-now,quick-wins,100,0
src/masstree/value_array.hh,28,75,48,class,value_array,needs-transpiler,unmigrated,"template, raw-pointer","raw-pointer, static-state, template",42,high,probe-current-transpiler,probe,0,0
src/masstree/value_bag.hh,26,86,61,class,value_bag,needs-transpiler,unmigrated,"template, raw-pointer","raw-pointer, static-state, template",42,high,probe-current-transpiler,probe,0,0
src/masstree/value_string.hh,27,79,53,class,value_string,needs-transpiler,unmigrated,"template, raw-pointer","raw-pointer, static-state, template",42,high,probe-current-transpiler,probe,0,0
src/masstree/value_versioned_array.hh,30,80,51,struct,rowversion,refactor-then-DSL,unmigrated,none,constructor-overloads,10,low,reshape-first,reshape,50,0
src/masstree/value_versioned_array.hh,82,133,52,class,value_versioned_array,needs-transpiler,unmigrated,"template, raw-pointer","raw-pointer, static-state, template",42,high,probe-current-transpiler,probe,0,0
src/masstree/value_versioned_array.hh,137,151,15,struct,query_helper,boundary-review,unmigrated,I/O-or-FFI,I/O-or-FFI,20,medium,isolate-or-probe-unsafe-boundary,floor-review,0,0
